step_0,step_1,step_2,step_3,step_4,step_5,step_6,step_7,step_8,step_9,step_10,step_11,step_12,step_13,step_14,step_15,step_16,step_17,step_18,step_19,step_20,step_21,step_22,step_23,step_24,step_25,step_26,step_27,step_28,step_29,step_30,step_31,step_32,step_33,step_34,step_35,step_36,step_37,step_38,step_39
1.9665571451187134,1.8584671020507812,1.766611933708191,1.6801400184631348,1.6128315925598145,1.5574928522109985,1.5058608055114746,1.4479260444641113,1.3983640670776367,1.3582960367202759,1.3220335245132446,1.284911036491394,1.2484861612319946,1.218605399131775,1.195518970489502,1.164943814277649,1.1374998092651367,1.1120514869689941,1.0858513116836548,1.0670329332351685,1.0492192506790161,1.0295485258102417,1.0109977722167969,0.9924246072769165,0.9763764142990112,0.9578632712364197,0.9382035136222839,0.9278886914253235,0.9160700440406799,0.907530665397644,0.893360435962677,0.8775190711021423,0.864949643611908,0.8523393273353577,0.8407639861106873,0.8338002562522888,0.822010338306427,0.8146504163742065,0.8027868270874023,0.7994468808174133
1.878314733505249,1.7675026655197144,1.6740155220031738,1.5935273170471191,1.5157959461212158,1.4525679349899292,1.381561040878296,1.3265339136123657,1.2791707515716553,1.2417938709259033,1.2049448490142822,1.1621171236038208,1.1255578994750977,1.0886510610580444,1.0490870475769043,1.0141764879226685,0.9865505695343018,0.9562168121337891,0.9242121577262878,0.8919928669929504,0.8704418540000916,0.8478514552116394,0.828348696231842,0.8040318489074707,0.7866472005844116,0.7671776413917542,0.7428915500640869,0.7260891199111938,0.7108051776885986,0.6967368125915527,0.6828111410140991,0.6712911128997803,0.656877875328064,0.6460884809494019,0.6277721524238586,0.6149508953094482,0.603847861289978,0.5909031629562378,0.5824877619743347,0.5725786685943604
1.8715635538101196,1.750776767730713,1.6413216590881348,1.5548503398895264,1.4710289239883423,1.3986995220184326,1.3294384479522705,1.2668625116348267,1.2061986923217773,1.1510220766067505,1.0952736139297485,1.0454323291778564,0.9996001720428467,0.9485360980033875,0.9110990762710571,0.8781887888908386,0.8423359394073486,0.8028368949890137,0.7686383724212646,0.7383788228034973,0.7032261490821838,0.6762679219245911,0.6500159502029419,0.6272379159927368,0.6064999103546143,0.5840610861778259,0.5660474896430969,0.5488170385360718,0.5295009016990662,0.5106756091117859,0.4950186610221863,0.4773487150669098,0.4643442928791046,0.4457036256790161,0.43055588006973267,0.41953393816947937,0.410352885723114,0.39998337626457214,0.38751864433288574,0.38008174300193787
1.8346806764602661,1.7124100923538208,1.612128734588623,1.5102876424789429,1.4177902936935425,1.3374807834625244,1.2570730447769165,1.1769362688064575,1.108888030052185,1.0499025583267212,0.9861099123954773,0.9275116920471191,0.8668488264083862,0.8158563375473022,0.7695321440696716,0.7269812822341919,0.6900403499603271,0.6539427638053894,0.6183478236198425,0.583179771900177,0.5527257919311523,0.5235909223556519,0.49652889370918274,0.4702180325984955,0.4484501779079437,0.4271373152732849,0.4080846309661865,0.3881819248199463,0.37053394317626953,0.3576259911060333,0.34424886107444763,0.3283836543560028,0.3151260018348694,0.3042827844619751,0.29553186893463135,0.2823081612586975,0.27102524042129517,0.26291051506996155,0.2530911862850189,0.24572360515594482
1.8984997272491455,1.7459490299224854,1.6181623935699463,1.501650094985962,1.389173984527588,1.2863702774047852,1.197659969329834,1.1137560606002808,1.0341495275497437,0.9577482342720032,0.888798713684082,0.8193662166595459,0.7608405351638794,0.7034999132156372,0.6481879353523254,0.6048126816749573,0.5618342161178589,0.5170531868934631,0.48497235774993896,0.4477427005767822,0.41941314935684204,0.3936186134815216,0.37130749225616455,0.34456101059913635,0.32084715366363525,0.30225202441215515,0.28539711236953735,0.2683037221431732,0.25275394320487976,0.24050453305244446,0.22778888046741486,0.2154407650232315,0.20503263175487518,0.19584797322750092,0.18912570178508759,0.1840752512216568,0.17477287352085114,0.16758613288402557,0.16318000853061676,0.1567935198545456
1.8337985277175903,1.6822909116744995,1.549376368522644,1.4334707260131836,1.321469783782959,1.2199616432189941,1.1242048740386963,1.0349332094192505,0.9517069458961487,0.8762515187263489,0.8034358024597168,0.7345131039619446,0.6755843162536621,0.6211029887199402,0.5684780478477478,0.5205621719360352,0.4800174832344055,0.4403504729270935,0.4060841500759125,0.37792468070983887,0.3520447015762329,0.3258545398712158,0.29935118556022644,0.27830246090888977,0.2596544027328491,0.24235057830810547,0.22849179804325104,0.2152668684720993,0.20233526825904846,0.1912311613559723,0.18132078647613525,0.17335601150989532,0.16401511430740356,0.15758448839187622,0.15043069422245026,0.1439148485660553,0.1371089518070221,0.13254690170288086,0.12749002873897552,0.12465894967317581
1.8862600326538086,1.7258002758026123,1.5889006853103638,1.4714652299880981,1.3593450784683228,1.2518125772476196,1.1436116695404053,1.0466965436935425,0.9617350697517395,0.8806301355361938,0.8036169409751892,0.7381524443626404,0.6743173599243164,0.6161747574806213,0.5613237023353577,0.5118154287338257,0.466962993144989,0.42259734869003296,0.3903975486755371,0.3602372407913208,0.3335086405277252,0.30842673778533936,0.2853543758392334,0.26349228620529175,0.24411295354366302,0.22783593833446503,0.21292641758918762,0.19910037517547607,0.18885184824466705,0.17924192547798157,0.17022499442100525,0.16142039000988007,0.1528182327747345,0.1453242003917694,0.13776735961437225,0.13136862218379974,0.12643201649188995,0.12218444049358368,0.11882691830396652,0.11543551087379456
1.8590508699417114,1.70166015625,1.5680378675460815,1.4484692811965942,1.333954095840454,1.2318094968795776,1.137335181236267,1.0467559099197388,0.9594987630844116,0.8846243023872375,0.8092790246009827,0.7465164661407471,0.6799979209899902,0.6266764402389526,0.5753527879714966,0.5278450846672058,0.483272522687912,0.44160884618759155,0.40817922353744507,0.376850426197052,0.34868451952934265,0.32392653822898865,0.2991788983345032,0.27726635336875916,0.2580867409706116,0.24315324425697327,0.22786647081375122,0.21244549751281738,0.20010963082313538,0.19018925726413727,0.18039195239543915,0.17107830941677094,0.1638047695159912,0.15697447955608368,0.1502760797739029,0.1439048796892166,0.1382226198911667,0.13412219285964966,0.12892243266105652,0.1252843588590622
1.828597903251648,1.6883554458618164,1.5599957704544067,1.4447015523910522,1.338863730430603,1.2395871877670288,1.1480660438537598,1.0632832050323486,0.9825682640075684,0.9084183573722839,0.8379358053207397,0.7780762314796448,0.7145641446113586,0.6538642048835754,0.6055147051811218,0.5609477758407593,0.5169239044189453,0.4781496226787567,0.44459566473960876,0.4114828407764435,0.38274112343788147,0.3567991256713867,0.3322182297706604,0.31386446952819824,0.29485684633255005,0.27871978282928467,0.2620694935321808,0.24554884433746338,0.23226767778396606,0.2208251804113388,0.20938213169574738,0.20081734657287598,0.19122181832790375,0.1835687905550003,0.17564642429351807,0.16854195296764374,0.16242793202400208,0.15696178376674652,0.15121915936470032,0.1457318812608719
1.8101551532745361,1.6716413497924805,1.549725890159607,1.4406903982162476,1.3392056226730347,1.2579728364944458,1.1697441339492798,1.086133599281311,1.0102615356445312,0.9330548644065857,0.8707609176635742,0.80963534116745,0.7527971863746643,0.6959823966026306,0.6501556634902954,0.608834981918335,0.5672492980957031,0.5279227495193481,0.496016263961792,0.46490198373794556,0.4339081645011902,0.40470853447914124,0.379181444644928,0.3568776249885559,0.3347819149494171,0.31586238741874695,0.2981847822666168,0.2824398875236511,0.26737427711486816,0.25653302669525146,0.24453552067279816,0.23196600377559662,0.22274985909461975,0.21513846516609192,0.2082858681678772,0.20269116759300232,0.19572633504867554,0.18966121971607208,0.185645192861557,0.17957176268100739
1.8443727493286133,1.7136505842208862,1.5882264375686646,1.4875283241271973,1.3901920318603516,1.3025052547454834,1.2100962400436401,1.126081109046936,1.0556761026382446,0.9809949398040771,0.9174782037734985,0.8537482619285583,0.798375129699707,0.7432354092597961,0.6935378313064575,0.6491804122924805,0.6069027781486511,0.5658583641052246,0.5261120796203613,0.4941333532333374,0.46845582127571106,0.44204387068748474,0.4204832911491394,0.3973844647407532,0.3746391236782074,0.35230326652526855,0.3349737524986267,0.3170662224292755,0.30197644233703613,0.28806623816490173,0.27586543560028076,0.2641361653804779,0.2547110915184021,0.24564898014068604,0.23699653148651123,0.22694045305252075,0.21882426738739014,0.21043330430984497,0.20352965593338013,0.1980438083410263
1.8844354152679443,1.7475100755691528,1.62320876121521,1.5148241519927979,1.4150874614715576,1.314747929573059,1.2220538854599,1.1457922458648682,1.0638691186904907,0.9936847686767578,0.9273749589920044,0.8676912784576416,0.8095824122428894,0.756278395652771,0.7064028382301331,0.6582677364349365,0.6200076341629028,0.5859970450401306,0.5535405874252319,0.5178195834159851,0.4863322973251343,0.4562387764453888,0.4282010793685913,0.40458279848098755,0.38427767157554626,0.36364153027534485,0.34569352865219116,0.32665321230888367,0.31133946776390076,0.29970234632492065,0.2854735255241394,0.2709260582923889,0.25840747356414795,0.24955019354820251,0.2426689863204956,0.23516687750816345,0.22704409062862396,0.21945181488990784,0.21306215226650238,0.20718291401863098
1.8003721237182617,1.6635454893112183,1.5651696920394897,1.4561048746109009,1.3558874130249023,1.2700434923171997,1.1901737451553345,1.1140638589859009,1.0409348011016846,0.9699129462242126,0.9016681909561157,0.8429044485092163,0.7897437214851379,0.7421300411224365,0.6919844746589661,0.6475416421890259,0.6054959893226624,0.5703521966934204,0.5336049795150757,0.5013819336891174,0.470864474773407,0.44171690940856934,0.41633284091949463,0.39451828598976135,0.3776724934577942,0.3574625849723816,0.3403359353542328,0.32346898317337036,0.3089919686317444,0.29457908868789673,0.27962571382522583,0.2691515386104584,0.25912386178970337,0.24880917370319366,0.23953652381896973,0.23156201839447021,0.22469592094421387,0.2182302474975586,0.21132729947566986,0.20556820929050446
1.8395020961761475,1.7119449377059937,1.5853124856948853,1.4671255350112915,1.3636595010757446,1.2739284038543701,1.1902995109558105,1.110528826713562,1.0369112491607666,0.9685589075088501,0.8968230485916138,0.8292727470397949,0.7690948843955994,0.7154703736305237,0.6648818850517273,0.6175247430801392,0.5770423412322998,0.5362750291824341,0.5045080184936523,0.47423556447029114,0.44628462195396423,0.4203342795372009,0.39402899146080017,0.3723924160003662,0.35316771268844604,0.3323190212249756,0.31153643131256104,0.29576748609542847,0.2814302444458008,0.26876503229141235,0.25631046295166016,0.24751043319702148,0.23753321170806885,0.22601144015789032,0.21767108142375946,0.21004796028137207,0.20364101231098175,0.1983126997947693,0.19110120832920074,0.18561625480651855
1.8807811737060547,1.72737717628479,1.5974622964859009,1.4746811389923096,1.3696590662002563,1.2708936929702759,1.1740186214447021,1.084979772567749,1.0048307180404663,0.9269007444381714,0.8517057299613953,0.7881300449371338,0.7275658249855042,0.6705677509307861,0.6216009855270386,0.573082685470581,0.5294687747955322,0.4879317283630371,0.4538966715335846,0.42102816700935364,0.3915679454803467,0.3653327524662018,0.3434603214263916,0.3213391900062561,0.3016132712364197,0.28402477502822876,0.2687431275844574,0.2533923089504242,0.2409188151359558,0.22961464524269104,0.21962687373161316,0.2095162272453308,0.19933809340000153,0.19013403356075287,0.18227337300777435,0.17618000507354736,0.17048022150993347,0.16397324204444885,0.1591637283563614,0.15400813519954681
1.822075366973877,1.6827757358551025,1.5458579063415527,1.4178798198699951,1.3029049634933472,1.1999868154525757,1.1070109605789185,1.0184742212295532,0.9354232549667358,0.8562051653862,0.782271146774292,0.7131108045578003,0.6571077108383179,0.6040498614311218,0.549439013004303,0.5057458877563477,0.4630616307258606,0.42462357878685,0.3925173580646515,0.36248889565467834,0.33370351791381836,0.30604293942451477,0.2873603403568268,0.2663339674472809,0.25048208236694336,0.2331109642982483,0.21861207485198975,0.20521627366542816,0.19319462776184082,0.18216851353645325,0.17431208491325378,0.16620570421218872,0.1587425321340561,0.15330375730991364,0.1465664654970169,0.14133837819099426,0.13806912302970886,0.13406428694725037,0.1307290494441986,0.12752357125282288
1.8081246614456177,1.6510179042816162,1.5278209447860718,1.4073385000228882,1.2837473154067993,1.1718274354934692,1.0657497644424438,0.967527449131012,0.8840681314468384,0.8023858666419983,0.7258888483047485,0.6585153341293335,0.5904168486595154,0.5321244597434998,0.4802262485027313,0.4318159222602844,0.3956510126590729,0.3601014018058777,0.32485657930374146,0.2957340478897095,0.2737160623073578,0.25313958525657654,0.2331279218196869,0.21698491275310516,0.20065996050834656,0.1862933486700058,0.17392827570438385,0.1620699167251587,0.15413175523281097,0.14485181868076324,0.1371738463640213,0.130656436085701,0.12592318654060364,0.12073376029729843,0.11654404550790787,0.11299145221710205,0.10857009887695312,0.10667020082473755,0.10490278154611588,0.10280012339353561
1.8198055028915405,1.6624130010604858,1.531868577003479,1.4028524160385132,1.2770326137542725,1.1539095640182495,1.0436064004898071,0.9404230713844299,0.8498019576072693,0.7609872817993164,0.6834839582443237,0.6123186945915222,0.5483115911483765,0.4972068965435028,0.44656071066856384,0.3993069529533386,0.35872557759284973,0.3263963758945465,0.29577067494392395,0.2670256793498993,0.24527329206466675,0.22629526257514954,0.2092064768075943,0.1935444474220276,0.1798810213804245,0.167743980884552,0.1585484892129898,0.149582639336586,0.14148573577404022,0.13559667766094208,0.130197212100029,0.12458486109972,0.12039726972579956,0.11676228791475296,0.11407101154327393,0.1106865331530571,0.10730281472206116,0.10485883057117462,0.10354621708393097,0.10184978693723679
1.8311898708343506,1.6683638095855713,1.5187466144561768,1.391353964805603,1.2645732164382935,1.1401708126068115,1.0339730978012085,0.9266724586486816,0.8353427648544312,0.7458025813102722,0.6617339253425598,0.5926362872123718,0.5269699096679688,0.4698069095611572,0.4216660261154175,0.3774442672729492,0.3406420052051544,0.30399197340011597,0.27672189474105835,0.2513757050037384,0.22924789786338806,0.2098829448223114,0.1947469860315323,0.18053197860717773,0.1676853895187378,0.15564849972724915,0.14545510709285736,0.1366424262523651,0.13028298318386078,0.12351591140031815,0.1182570829987526,0.11393601447343826,0.10907987505197525,0.10522288084030151,0.10214268416166306,0.10039812326431274,0.09846676886081696,0.09647753089666367,0.09435788542032242,0.09355346113443375
1.832547903060913,1.6592516899108887,1.5170645713806152,1.3897782564163208,1.2646623849868774,1.1459063291549683,1.035903811454773,0.9323965311050415,0.8324407339096069,0.7462454438209534,0.669219434261322,0.6002221703529358,0.5295966863632202,0.47375547885894775,0.4219226837158203,0.3806184232234955,0.3420342206954956,0.3077879846096039,0.2792470455169678,0.2545972466468811,0.23070676624774933,0.2111177295446396,0.1954122632741928,0.18018808960914612,0.16911938786506653,0.15985266864299774,0.14970824122428894,0.1419178992509842,0.1341739296913147,0.12887942790985107,0.12361010909080505,0.11913222074508667,0.11488180607557297,0.11111119389533997,0.10793188959360123,0.10581599175930023,0.10394494980573654,0.10211601853370667,0.10052259266376495,0.09894905239343643
1.8175100088119507,1.6565532684326172,1.516593337059021,1.3838592767715454,1.2510191202163696,1.1412310600280762,1.034515619277954,0.9335421919822693,0.8409721851348877,0.759466826915741,0.6865531206130981,0.619478702545166,0.5569794178009033,0.5019234418869019,0.4503539204597473,0.40601611137390137,0.36600789427757263,0.3326304852962494,0.29969826340675354,0.27408090233802795,0.25085774064064026,0.23314617574214935,0.21597962081432343,0.1996205747127533,0.18648701906204224,0.17452798783779144,0.16385968029499054,0.15398989617824554,0.14615030586719513,0.14013750851154327,0.13314567506313324,0.12795400619506836,0.12391391396522522,0.12050927430391312,0.11744958162307739,0.11484171450138092,0.11320248246192932,0.11088990420103073,0.10867873579263687,0.1071556806564331
1.8338197469711304,1.677715539932251,1.5332950353622437,1.3992012739181519,1.2748349905014038,1.1575063467025757,1.0530418157577515,0.9576073884963989,0.8697747588157654,0.7879557609558105,0.7135507464408875,0.6465948820114136,0.5848777294158936,0.5295016169548035,0.4776751399040222,0.4363308846950531,0.39895349740982056,0.3598445951938629,0.32949450612068176,0.30097728967666626,0.2770910859107971,0.25670620799064636,0.23995378613471985,0.22235706448554993,0.20807044208049774,0.19550378620624542,0.18494361639022827,0.17463840544223785,0.16512161493301392,0.15818099677562714,0.15216343104839325,0.14708377420902252,0.1422906368970871,0.13798028230667114,0.1330621838569641,0.13075178861618042,0.12743116915225983,0.1252886950969696,0.12204654514789581,0.1201431080698967
1.8716816902160645,1.7064132690429688,1.5591431856155396,1.4288040399551392,1.3100414276123047,1.1978763341903687,1.0917952060699463,0.9937400221824646,0.9043652415275574,0.8235289454460144,0.7476299405097961,0.6834543347358704,0.624945342540741,0.5717312693595886,0.5192892551422119,0.47492751479148865,0.43522176146507263,0.3994160592556,0.36510178446769714,0.33494123816490173,0.3149053156375885,0.29141852259635925,0.2721702754497528,0.25476595759391785,0.23734256625175476,0.22427378594875336,0.21188348531723022,0.20000877976417542,0.19035202264785767,0.1830582171678543,0.17749333381652832,0.17161595821380615,0.16564713418483734,0.16165725886821747,0.157488614320755,0.15292677283287048,0.1489216834306717,0.14719368517398834,0.14399544894695282,0.14256176352500916
1.8418762683868408,1.692110300064087,1.5511311292648315,1.4266365766525269,1.307268738746643,1.192046880722046,1.0909407138824463,0.9966949820518494,0.910827100276947,0.834813117980957,0.7578999996185303,0.6968331933021545,0.6345795392990112,0.5809148550033569,0.5302954316139221,0.48875418305397034,0.45231929421424866,0.41666561365127563,0.3868657648563385,0.35948339104652405,0.33412203192710876,0.3113361597061157,0.2901577651500702,0.27082395553588867,0.25575441122055054,0.23992422223091125,0.226522296667099,0.21532195806503296,0.20611706376075745,0.1983776092529297,0.19134636223316193,0.1836346983909607,0.1774865835905075,0.17367228865623474,0.16861948370933533,0.16290463507175446,0.15835873782634735,0.15498848259449005,0.15254172682762146,0.14948418736457825
1.7948869466781616,1.6491889953613281,1.5157902240753174,1.3933955430984497,1.2815964221954346,1.180178165435791,1.0846179723739624,0.9995318055152893,0.9141656756401062,0.836737871170044,0.7631132006645203,0.7011551856994629,0.6442596912384033,0.5898235440254211,0.5410505533218384,0.4997546970844269,0.46306970715522766,0.43066033720970154,0.39950132369995117,0.37232014536857605,0.3476760983467102,0.3232825696468353,0.30108487606048584,0.2844480574131012,0.26659247279167175,0.25472769141197205,0.24171435832977295,0.23048096895217896,0.21889452636241913,0.20959840714931488,0.20204538106918335,0.1938416063785553,0.18709726631641388,0.18214115500450134,0.1764901876449585,0.17184731364250183,0.16837969422340393,0.1652725636959076,0.1616286039352417,0.15983439981937408
1.8676469326019287,1.7036889791488647,1.5616800785064697,1.441941261291504,1.319441795349121,1.2169568538665771,1.108660340309143,1.018431544303894,0.9383021593093872,0.8604585528373718,0.7856701016426086,0.7157155871391296,0.6585609912872314,0.6037387251853943,0.5546614527702332,0.5070188641548157,0.4618593454360962,0.42789292335510254,0.396554172039032,0.36870867013931274,0.34200581908226013,0.31893420219421387,0.2997734546661377,0.2799084484577179,0.2679997980594635,0.25351613759994507,0.24365395307540894,0.23273436725139618,0.2227100133895874,0.2140354961156845,0.20808719098567963,0.19877678155899048,0.19156284630298615,0.18509529531002045,0.18063406646251678,0.1757163256406784,0.17176705598831177,0.1680346578359604,0.1636039763689041,0.16003334522247314
1.8706839084625244,1.702555775642395,1.5638700723648071,1.4341657161712646,1.3251452445983887,1.2189756631851196,1.1092369556427002,1.021863579750061,0.9357444047927856,0.8565170764923096,0.784119188785553,0.7191423177719116,0.657446563243866,0.6003051996231079,0.5516638159751892,0.5052504539489746,0.4666452407836914,0.43585124611854553,0.4039929211139679,0.37369298934936523,0.34687915444374084,0.3249990940093994,0.30491721630096436,0.28493165969848633,0.26999205350875854,0.2538336217403412,0.23918919265270233,0.22981348633766174,0.21926432847976685,0.21014347672462463,0.2010672390460968,0.19393301010131836,0.18777313828468323,0.18308639526367188,0.1764543354511261,0.1717921495437622,0.16892434656620026,0.1651037335395813,0.1616167277097702,0.1582311987876892
1.7698085308074951,1.622192144393921,1.4958678483963013,1.3735100030899048,1.2601462602615356,1.15323007106781,1.05865478515625,0.9703004956245422,0.8883506059646606,0.8147129416465759,0.7449009418487549,0.6832690238952637,0.6228514313697815,0.5681732296943665,0.5263761878013611,0.4847562313079834,0.447374552488327,0.41202765703201294,0.38424691557884216,0.35562625527381897,0.3324120342731476,0.31200066208839417,0.2925129532814026,0.27536579966545105,0.25777870416641235,0.24247467517852783,0.23029525578022003,0.22147060930728912,0.2112492024898529,0.20172202587127686,0.19464334845542908,0.1883748173713684,0.18139639496803284,0.17471708357334137,0.16978983581066132,0.1668887585401535,0.16270911693572998,0.1588405817747116,0.1564861685037613,0.15253275632858276
1.847639560699463,1.6892154216766357,1.549156665802002,1.4247770309448242,1.2986756563186646,1.1820241212844849,1.0819529294967651,0.9882702231407166,0.9014706015586853,0.8202987909317017,0.7424242496490479,0.6749845147132874,0.6111985445022583,0.5601643919944763,0.5106937885284424,0.46630576252937317,0.42733174562454224,0.3902139961719513,0.36190178990364075,0.3353941738605499,0.3126572370529175,0.2897356450557709,0.2720103859901428,0.2536916732788086,0.23824769258499146,0.22445456683635712,0.21428783237934113,0.20379312336444855,0.19499747455120087,0.18892225623130798,0.18009187281131744,0.1737525761127472,0.16967763006687164,0.16400650143623352,0.15900804102420807,0.15578648447990417,0.15226460993289948,0.14933612942695618,0.14652849733829498,0.14545613527297974
1.8082894086837769,1.6617053747177124,1.5228915214538574,1.3837052583694458,1.2647128105163574,1.157670021057129,1.0560795068740845,0.9612392783164978,0.8771734237670898,0.7950575947761536,0.7163856625556946,0.6497345566749573,0.5935041308403015,0.5416454076766968,0.4912251830101013,0.446791410446167,0.41000092029571533,0.37929627299308777,0.3510870039463043,0.32402676343917847,0.29869914054870605,0.2794792354106903,0.26077160239219666,0.2448166310787201,0.2296115607023239,0.2164985090494156,0.20601630210876465,0.1955091953277588,0.18703614175319672,0.17875395715236664,0.170432448387146,0.16444146633148193,0.16125263273715973,0.15784141421318054,0.15438763797283173,0.152129665017128,0.14917972683906555,0.14845730364322662,0.14422295987606049,0.14056973159313202
1.8330714702606201,1.670230746269226,1.5183568000793457,1.3794831037521362,1.2501626014709473,1.1462109088897705,1.0447195768356323,0.9469667077064514,0.8517573475837708,0.7717311978340149,0.6951237320899963,0.6284111142158508,0.5674338340759277,0.5116176009178162,0.4634951651096344,0.4234345853328705,0.38436374068260193,0.3502792716026306,0.31901469826698303,0.29488253593444824,0.2727246880531311,0.25301092863082886,0.23567499220371246,0.22015658020973206,0.2069520801305771,0.19658413529396057,0.18828435242176056,0.18014666438102722,0.1719098538160324,0.16563692688941956,0.15897446870803833,0.15373145043849945,0.150564506649971,0.14633217453956604,0.14370600879192352,0.1414622664451599,0.13986846804618835,0.13818106055259705,0.13567861914634705,0.13430437445640564
1.8200395107269287,1.6503708362579346,1.5071460008621216,1.3685953617095947,1.2482842206954956,1.129616618156433,1.020759105682373,0.9221785068511963,0.829761266708374,0.7514175772666931,0.6764184832572937,0.6083802580833435,0.5526119470596313,0.49601906538009644,0.44789138436317444,0.40334054827690125,0.36956852674484253,0.33816611766815186,0.31062474846839905,0.28797098994255066,0.2660656273365021,0.2467896044254303,0.2302321344614029,0.21460992097854614,0.2013547271490097,0.1905602067708969,0.18076831102371216,0.17217741906642914,0.16531912982463837,0.15903085470199585,0.15410548448562622,0.14831183850765228,0.1445617824792862,0.14054900407791138,0.137690469622612,0.13541769981384277,0.13318942487239838,0.13187822699546814,0.13098397850990295,0.1295997053384781
1.802174687385559,1.6409119367599487,1.499531865119934,1.3543211221694946,1.2307734489440918,1.1185696125030518,1.007791519165039,0.9171020984649658,0.8280844688415527,0.7457199692726135,0.6697447299957275,0.6020960807800293,0.5430575609207153,0.49206486344337463,0.44391193985939026,0.40048474073410034,0.3639991879463196,0.33084556460380554,0.305471271276474,0.2794632017612457,0.2581103444099426,0.24110470712184906,0.22346997261047363,0.20930856466293335,0.19672171771526337,0.18845397233963013,0.18015456199645996,0.17167235910892487,0.16417737305164337,0.15813034772872925,0.1518286168575287,0.14770203828811646,0.1434812694787979,0.13946378231048584,0.1362503319978714,0.13422998785972595,0.1323128342628479,0.13125574588775635,0.12982535362243652,0.1287790685892105
1.8127902746200562,1.6517701148986816,1.498941421508789,1.364736795425415,1.2393298149108887,1.1217262744903564,1.0167468786239624,0.9184526205062866,0.8302556872367859,0.7460964322090149,0.6736758351325989,0.607685923576355,0.5461195111274719,0.4946018159389496,0.4471949636936188,0.4039771258831024,0.3700072169303894,0.3382278084754944,0.31256359815597534,0.2874809205532074,0.2649695575237274,0.24673017859458923,0.23055420815944672,0.2161378264427185,0.20184685289859772,0.1919017732143402,0.18403416872024536,0.1749575436115265,0.16751421988010406,0.16257674992084503,0.15766146779060364,0.15304090082645416,0.14806096255779266,0.14379560947418213,0.14120960235595703,0.13829690217971802,0.13605543971061707,0.1335134506225586,0.1319863349199295,0.1302935928106308
1.8378779888153076,1.66791570186615,1.5251548290252686,1.3813556432724,1.2553203105926514,1.1371185779571533,1.0310571193695068,0.930698573589325,0.8431975245475769,0.7625188231468201,0.6904860734939575,0.6275460720062256,0.5671831965446472,0.514060914516449,0.4672485291957855,0.4239252805709839,0.38819512724876404,0.3573271632194519,0.329251229763031,0.30638277530670166,0.2857165038585663,0.2642971873283386,0.2483879029750824,0.23337416350841522,0.2195497453212738,0.2070823758840561,0.19781547784805298,0.18913613259792328,0.18194258213043213,0.1755179911851883,0.16897466778755188,0.16500452160835266,0.15983155369758606,0.15656353533267975,0.15306977927684784,0.15115474164485931,0.14919118583202362,0.1463509052991867,0.14379441738128662,0.1432247906923294
1.8334985971450806,1.67389714717865,1.527631163597107,1.3905587196350098,1.2679970264434814,1.1512835025787354,1.0412346124649048,0.947723925113678,0.8540340065956116,0.7722169756889343,0.6968828439712524,0.6353126764297485,0.5736018419265747,0.5227285623550415,0.47643765807151794,0.43448179960250854,0.39835023880004883,0.3673204481601715,0.33745765686035156,0.31394439935684204,0.2909252643585205,0.2730553448200226,0.25776463747024536,0.24552807211875916,0.23167188465595245,0.22117184102535248,0.21074630320072174,0.20378750562667847,0.19624142348766327,0.18898873031139374,0.18418510258197784,0.18099366128444672,0.17637549340724945,0.17313647270202637,0.16897456347942352,0.16414625942707062,0.1622878462076187,0.15919405221939087,0.15710069239139557,0.15405534207820892
1.8706111907958984,1.7009872198104858,1.5415406227111816,1.4133360385894775,1.2859705686569214,1.1762930154800415,1.0657868385314941,0.9723120927810669,0.8809564709663391,0.8040275573730469,0.7270757555961609,0.6604049801826477,0.6062854528427124,0.5573336482048035,0.5093976855278015,0.46624013781547546,0.42816686630249023,0.39785292744636536,0.3665409982204437,0.3391876518726349,0.3174380660057068,0.2980440855026245,0.2786015272140503,0.26399821043014526,0.25303915143013,0.24028901755809784,0.23098383843898773,0.22216932475566864,0.21674048900604248,0.20884738862514496,0.201400488615036,0.1981392353773117,0.19302904605865479,0.189885213971138,0.18466034531593323,0.1805974394083023,0.17737707495689392,0.1756434440612793,0.1741974651813507,0.17266665399074554
1.8313833475112915,1.6692371368408203,1.5272927284240723,1.4014229774475098,1.2862850427627563,1.1715821027755737,1.0702680349349976,0.9732261300086975,0.8875241875648499,0.8091417551040649,0.7415330410003662,0.6775294542312622,0.6223748922348022,0.5692403316497803,0.5222014784812927,0.48471376299858093,0.45034709572792053,0.4176901578903198,0.38835397362709045,0.3611094653606415,0.3412496745586395,0.3191608488559723,0.303460955619812,0.2875303328037262,0.2721225619316101,0.258791446685791,0.2498624324798584,0.2393973469734192,0.23155289888381958,0.22410067915916443,0.21805450320243835,0.21134334802627563,0.20650538802146912,0.20195239782333374,0.19811052083969116,0.19551245868206024,0.1913032978773117,0.18758860230445862,0.18533030152320862,0.1817251294851303
1.8351061344146729,1.678093671798706,1.5401042699813843,1.4069184064865112,1.2914766073226929,1.184493064880371,1.0791712999343872,0.9888036847114563,0.906155526638031,0.8321106433868408,0.7617796063423157,0.6976607441902161,0.6453880667686462,0.5968019962310791,0.5497463941574097,0.5067017674446106,0.4712911546230316,0.4364977478981018,0.4079053997993469,0.3837570250034332,0.3600752353668213,0.33982011675834656,0.3216363191604614,0.30263999104499817,0.2893980145454407,0.2764625549316406,0.26433464884757996,0.25206458568573,0.24362261593341827,0.23619462549686432,0.22791507840156555,0.22202473878860474,0.2159760743379593,0.21264296770095825,0.20884639024734497,0.20579582452774048,0.20132112503051758,0.19849206507205963,0.19635479152202606,0.1957109421491623
1.7940752506256104,1.644139051437378,1.5070136785507202,1.3818182945251465,1.272333025932312,1.159198522567749,1.065752387046814,0.9752933979034424,0.8990777730941772,0.8171589970588684,0.7524712085723877,0.6922534108161926,0.6388594508171082,0.5897653102874756,0.5445696711540222,0.5043097734451294,0.46794748306274414,0.4369470179080963,0.40637367963790894,0.3794158399105072,0.35756048560142517,0.3382836878299713,0.3188589811325073,0.3024241328239441,0.2893868386745453,0.27832916378974915,0.26424112915992737,0.25490182638168335,0.24478821456432343,0.23621878027915955,0.23174938559532166,0.223690465092659,0.2193886935710907,0.21510034799575806,0.21201585233211517,0.2089756429195404,0.20409120619297028,0.19990257918834686,0.1973886638879776,0.19393950700759888
1.819259524345398,1.664726972579956,1.533302664756775,1.4149913787841797,1.292622447013855,1.1832493543624878,1.0797594785690308,0.9941710829734802,0.9139333367347717,0.8365971446037292,0.7659571766853333,0.7015624046325684,0.6421061754226685,0.5891521573066711,0.5455583333969116,0.5043761730194092,0.4686291515827179,0.43601515889167786,0.4045795798301697,0.37846192717552185,0.3575282096862793,0.33639559149742126,0.3176107704639435,0.3018527626991272,0.28605103492736816,0.27347204089164734,0.26144757866859436,0.2498127967119217,0.24070483446121216,0.232979878783226,0.22623834013938904,0.22018221020698547,0.21433806419372559,0.20920926332473755,0.20448358356952667,0.20112311840057373,0.19675031304359436,0.1937030553817749,0.1913183033466339,0.1891549527645111
1.847875714302063,1.6868070363998413,1.549832820892334,1.4237663745880127,1.3040571212768555,1.1944242715835571,1.092137098312378,0.9927465319633484,0.9116283655166626,0.8358755111694336,0.7677345871925354,0.6969799995422363,0.6457296013832092,0.5916443467140198,0.5453996062278748,0.5001580715179443,0.4654703438282013,0.4325603246688843,0.39994004368782043,0.3723718225955963,0.35034334659576416,0.3300448954105377,0.31069591641426086,0.29202431440353394,0.27714774012565613,0.26279398798942566,0.24873283505439758,0.24013665318489075,0.23166462779045105,0.22317691147327423,0.21760137379169464,0.2129671275615692,0.20741960406303406,0.20293742418289185,0.19939757883548737,0.19528304040431976,0.1933945119380951,0.19031909108161926,0.1852235347032547,0.18082822859287262
1.7246214151382446,1.5865015983581543,1.455949306488037,1.337168574333191,1.2214511632919312,1.127949595451355,1.031483769416809,0.9444975852966309,0.8590391874313354,0.7863972187042236,0.7152934074401855,0.6517083048820496,0.5969325304031372,0.5453586578369141,0.49962371587753296,0.461054265499115,0.42740708589553833,0.3937165141105652,0.36301881074905396,0.33632713556289673,0.3148924708366394,0.2952606976032257,0.27829113602638245,0.2640286087989807,0.24855051934719086,0.2371269315481186,0.22531339526176453,0.2160484790802002,0.20779097080230713,0.19950677454471588,0.1931232213973999,0.1861320436000824,0.1815246343612671,0.17606894671916962,0.1706230640411377,0.1667873114347458,0.16529659926891327,0.16133947670459747,0.15900176763534546,0.1560087352991104
1.8023707866668701,1.6456270217895508,1.4976165294647217,1.3663930892944336,1.2492014169692993,1.1366112232208252,1.030158281326294,0.9382153749465942,0.8522989749908447,0.7671651244163513,0.6932563781738281,0.629303514957428,0.569248378276825,0.5162570476531982,0.47067421674728394,0.4312599003314972,0.395071417093277,0.3614976406097412,0.3328167200088501,0.30821433663368225,0.28692305088043213,0.26593703031539917,0.2485569715499878,0.2321537584066391,0.21880805492401123,0.20578064024448395,0.19558672606945038,0.18783821165561676,0.18094457685947418,0.17320112884044647,0.16687442362308502,0.1612866222858429,0.15673409402370453,0.15224596858024597,0.14957082271575928,0.1456027776002884,0.14363369345664978,0.1408679187297821,0.13875432312488556,0.13637110590934753
1.911496877670288,1.7216612100601196,1.563928484916687,1.414980173110962,1.281905174255371,1.155011534690857,1.043015480041504,0.9388214945793152,0.8392062187194824,0.7582048773765564,0.67969810962677,0.6120028495788574,0.5500513911247253,0.4921365976333618,0.4472896158695221,0.4078967571258545,0.3691686689853668,0.3369355797767639,0.30813562870025635,0.2812455892562866,0.2602437734603882,0.24135662615299225,0.2242252081632614,0.20885859429836273,0.19698485732078552,0.18660101294517517,0.17699094116687775,0.16798299551010132,0.16125762462615967,0.1542510688304901,0.1497679352760315,0.14521485567092896,0.1417427808046341,0.1376899778842926,0.13386857509613037,0.13125887513160706,0.129379004240036,0.12740051746368408,0.1256946623325348,0.12465877830982208
1.8000364303588867,1.6349470615386963,1.4812054634094238,1.3455020189285278,1.2167041301727295,1.0969992876052856,0.9894534349441528,0.8855651617050171,0.7988126277923584,0.7146619558334351,0.6382455229759216,0.5741187334060669,0.5169414281845093,0.46367090940475464,0.41688641905784607,0.37761130928993225,0.3401937782764435,0.3081475794315338,0.27999046444892883,0.25659483671188354,0.23764388263225555,0.22051426768302917,0.20583246648311615,0.19125737249851227,0.1795194447040558,0.16896982491016388,0.15958808362483978,0.15259094536304474,0.14603637158870697,0.1413927972316742,0.13635286688804626,0.13296599686145782,0.1291908621788025,0.1266300231218338,0.12378138303756714,0.12099535018205643,0.11889267712831497,0.11737993359565735,0.1164279505610466,0.11543809622526169
1.8252630233764648,1.6380722522735596,1.4914897680282593,1.3602325916290283,1.2330313920974731,1.1107147932052612,1.0000519752502441,0.898750364780426,0.8046918511390686,0.7175877094268799,0.6456248164176941,0.5805116295814514,0.5212214589118958,0.4659877121448517,0.4183216691017151,0.3786870539188385,0.34098777174949646,0.3097398281097412,0.28087231516838074,0.2570558488368988,0.2364581823348999,0.21864469349384308,0.2057560831308365,0.19259123504161835,0.18147803843021393,0.17222747206687927,0.16405026614665985,0.157309889793396,0.150704488158226,0.14644350111484528,0.14167390763759613,0.13709059357643127,0.13439501821994781,0.131118506193161,0.1282164305448532,0.1253000795841217,0.12341365218162537,0.12197160720825195,0.12094765156507492,0.12043648213148117
1.822956919670105,1.6520243883132935,1.5088778734207153,1.3641116619110107,1.2343283891677856,1.1132049560546875,1.008959174156189,0.9070896506309509,0.8108530640602112,0.7338774800300598,0.6538827419281006,0.5890209674835205,0.5285258293151855,0.4753536581993103,0.42949724197387695,0.389090359210968,0.35163092613220215,0.32084783911705017,0.2964067757129669,0.2728024125099182,0.25398382544517517,0.23718151450157166,0.22168564796447754,0.20758172869682312,0.19598661363124847,0.18495281040668488,0.17788773775100708,0.1709052175283432,0.16406847536563873,0.1585923135280609,0.15342344343662262,0.14822794497013092,0.14526323974132538,0.1426335871219635,0.14054332673549652,0.13894112408161163,0.13823585212230682,0.1362805813550949,0.13521185517311096,0.13401786983013153
1.8106170892715454,1.6446704864501953,1.5071967840194702,1.3679667711257935,1.249263882637024,1.1295944452285767,1.0217920541763306,0.9279677271842957,0.8377853035926819,0.7588583827018738,0.6895490884780884,0.624918520450592,0.563064694404602,0.5081708431243896,0.4625261425971985,0.4246072471141815,0.3870546519756317,0.3577023446559906,0.32662639021873474,0.3027740716934204,0.2807762920856476,0.26052919030189514,0.24530112743377686,0.23132331669330597,0.22069115936756134,0.20854514837265015,0.1984996646642685,0.19016337394714355,0.18196120858192444,0.17634770274162292,0.17127220332622528,0.16570612788200378,0.16292347013950348,0.1589714139699936,0.15601810812950134,0.15336191654205322,0.1496589481830597,0.14848312735557556,0.14626945555210114,0.14549264311790466
1.870356559753418,1.6992604732513428,1.5508220195770264,1.4177021980285645,1.2898390293121338,1.1751798391342163,1.0681332349777222,0.9702973961830139,0.8786638379096985,0.7961565852165222,0.7286412119865417,0.6581041812896729,0.5999802947044373,0.5476964116096497,0.5021291971206665,0.4627518057823181,0.4232349991798401,0.3895241618156433,0.35921362042427063,0.33031928539276123,0.3083716332912445,0.2885966897010803,0.26816949248313904,0.25238317251205444,0.238954558968544,0.229177325963974,0.21659839153289795,0.2104092687368393,0.2008889615535736,0.19420617818832397,0.1881536841392517,0.1826649010181427,0.1781550794839859,0.17479579150676727,0.1721302717924118,0.16992351412773132,0.16726955771446228,0.1647200882434845,0.16249509155750275,0.16090187430381775
1.8824621438980103,1.7133769989013672,1.5613272190093994,1.4275915622711182,1.2998225688934326,1.1815565824508667,1.0750820636749268,0.9797794818878174,0.889735221862793,0.8076372146606445,0.7375921010971069,0.6687544584274292,0.61155766248703,0.562532901763916,0.5129454135894775,0.473621129989624,0.43453678488731384,0.4009309411048889,0.37000563740730286,0.34473517537117004,0.3219998776912689,0.3045763671398163,0.2868116796016693,0.27124717831611633,0.2565840482711792,0.24408651888370514,0.2314295470714569,0.22148044407367706,0.21381884813308716,0.2064124494791031,0.19962374866008759,0.19470073282718658,0.189691424369812,0.1873677670955658,0.1838296502828598,0.18085624277591705,0.17866018414497375,0.1755734384059906,0.17433345317840576,0.17193853855133057
1.8458366394042969,1.685348391532898,1.544929027557373,1.4072695970535278,1.2875229120254517,1.1810730695724487,1.0760226249694824,0.9830154180526733,0.8965421319007874,0.8179779648780823,0.7465245127677917,0.6785711050033569,0.6185173392295837,0.5638477206230164,0.5187220573425293,0.4740977883338928,0.4386671483516693,0.40588775277137756,0.3768307864665985,0.3547686040401459,0.3295249342918396,0.310646116733551,0.2923484444618225,0.27717673778533936,0.26374363899230957,0.25020772218704224,0.23847678303718567,0.22858473658561707,0.21795590221881866,0.2110939472913742,0.20403002202510834,0.19951850175857544,0.19507986307144165,0.18986158072948456,0.18621177971363068,0.18291214108467102,0.17977198958396912,0.17794103920459747,0.1765967309474945,0.17502447962760925
1.8618520498275757,1.7051016092300415,1.5539664030075073,1.4190669059753418,1.292298436164856,1.183355450630188,1.0759944915771484,0.9772257804870605,0.8932433128356934,0.8119072318077087,0.7393051385879517,0.674711287021637,0.6176843047142029,0.5662733912467957,0.5175297260284424,0.4756813645362854,0.4365212321281433,0.3983134925365448,0.36796140670776367,0.3450101613998413,0.3226964473724365,0.29982790350914,0.2814522981643677,0.26851433515548706,0.253892183303833,0.24122482538223267,0.233122780919075,0.2254660278558731,0.2177276760339737,0.21069931983947754,0.20457901060581207,0.19969652593135834,0.19471041858196259,0.18953104317188263,0.18778781592845917,0.18423020839691162,0.18201179802417755,0.18021155893802643,0.17791615426540375,0.17391151189804077
1.8593751192092896,1.6943612098693848,1.5535706281661987,1.412811279296875,1.288967490196228,1.170680046081543,1.0626765489578247,0.9655393362045288,0.8790012001991272,0.7987194657325745,0.727296769618988,0.6586981415748596,0.5970974564552307,0.5462075471878052,0.4969445765018463,0.4542918801307678,0.4171206057071686,0.38503286242485046,0.3549829423427582,0.32989972829818726,0.3068416714668274,0.2863242030143738,0.26889488101005554,0.2526891827583313,0.23897480964660645,0.2268688827753067,0.21757151186466217,0.20964686572551727,0.2030954658985138,0.1959325671195984,0.18928536772727966,0.18451237678527832,0.1791091412305832,0.1735742837190628,0.16989238560199738,0.16869010031223297,0.16583673655986786,0.1634989082813263,0.16171523928642273,0.159337118268013
1.8050004243850708,1.6501190662384033,1.4999910593032837,1.3734451532363892,1.2497076988220215,1.135091781616211,1.0308756828308105,0.9401457905769348,0.8473840355873108,0.7676365375518799,0.6970608830451965,0.6293612718582153,0.5707395076751709,0.5215702652931213,0.4777614176273346,0.4358072578907013,0.3979174494743347,0.36931607127189636,0.3409131169319153,0.31354084610939026,0.29296642541885376,0.2737855017185211,0.25524553656578064,0.2390878051519394,0.22840142250061035,0.21658046543598175,0.2080961912870407,0.19796831905841827,0.19156455993652344,0.18454943597316742,0.17968957126140594,0.17347702383995056,0.1685204654932022,0.16489849984645844,0.1606018841266632,0.15795263648033142,0.1562938392162323,0.15456154942512512,0.15224400162696838,0.1505773365497589
1.818629503250122,1.6580846309661865,1.506576418876648,1.3668690919876099,1.2391058206558228,1.129828929901123,1.0257476568222046,0.9242120981216431,0.8343040943145752,0.7469820380210876,0.6747312545776367,0.6111339926719666,0.55179363489151,0.4993210732936859,0.4518396556377411,0.4145040214061737,0.3797541558742523,0.3483540117740631,0.318191796541214,0.29437118768692017,0.2727682292461395,0.25096479058265686,0.23386265337467194,0.21811048686504364,0.20669007301330566,0.19561108946800232,0.18665118515491486,0.17860665917396545,0.17142894864082336,0.1648108959197998,0.15992817282676697,0.15600349009037018,0.15278057754039764,0.14883792400360107,0.14651787281036377,0.14503124356269836,0.1426703780889511,0.14077778160572052,0.13905976712703705,0.13758862018585205
1.8232001066207886,1.6539103984832764,1.503509521484375,1.3723381757736206,1.2475074529647827,1.1257574558258057,1.0226378440856934,0.926325798034668,0.8375111222267151,0.7572853565216064,0.6791672110557556,0.6156062483787537,0.5538299679756165,0.49784842133522034,0.4507696330547333,0.4073907434940338,0.37018725275993347,0.3370135724544525,0.3091713786125183,0.2833789885044098,0.2622376084327698,0.2456951141357422,0.22957155108451843,0.21528565883636475,0.2012304961681366,0.1902397871017456,0.18127502501010895,0.17382407188415527,0.16852790117263794,0.16374532878398895,0.15867336094379425,0.15453536808490753,0.15085653960704803,0.14766044914722443,0.14503750205039978,0.14249595999717712,0.13959693908691406,0.13800548017024994,0.13615792989730835,0.13417379558086395
1.877402901649475,1.7044085264205933,1.5539801120758057,1.4020802974700928,1.2698596715927124,1.1545138359069824,1.0481047630310059,0.9441227912902832,0.8510710597038269,0.766473114490509,0.6946199536323547,0.6232957243919373,0.560394823551178,0.5059911608695984,0.46281543374061584,0.4208777844905853,0.3859732747077942,0.35362327098846436,0.3275655210018158,0.30516770482063293,0.2829580307006836,0.264438271522522,0.2500826418399811,0.2339552640914917,0.22137705981731415,0.21046455204486847,0.20003405213356018,0.19283579289913177,0.1837710738182068,0.179132342338562,0.17286083102226257,0.16890648007392883,0.16500414907932281,0.16099913418293,0.15742556750774384,0.1552232801914215,0.15247952938079834,0.1501964032649994,0.14933307468891144,0.1475316286087036
1.864996314048767,1.698006272315979,1.5420303344726562,1.4144988059997559,1.2845736742019653,1.1641809940338135,1.0638951063156128,0.9615225791931152,0.8720616698265076,0.7861776351928711,0.7123580574989319,0.6472867727279663,0.5882013440132141,0.5357143878936768,0.4895131289958954,0.4474242031574249,0.41108641028404236,0.37894853949546814,0.3481367826461792,0.3250889778137207,0.3018718659877777,0.2825877070426941,0.26420480012893677,0.24873365461826324,0.2355831414461136,0.22337909042835236,0.21270203590393066,0.20520024001598358,0.1983959972858429,0.19149385392665863,0.1861926019191742,0.18208815157413483,0.17758946120738983,0.17261388897895813,0.1698225885629654,0.1672169715166092,0.1641494184732437,0.16239142417907715,0.15951399505138397,0.1572599560022354
1.8328484296798706,1.6697790622711182,1.517362117767334,1.3909226655960083,1.2747234106063843,1.1624722480773926,1.0607863664627075,0.9648193717002869,0.8772245049476624,0.8051806688308716,0.7314870357513428,0.6723287105560303,0.6129575371742249,0.5617177486419678,0.5182144641876221,0.4769148826599121,0.4400736093521118,0.4055570960044861,0.3771951496601105,0.3514842391014099,0.3305879533290863,0.3104248344898224,0.2938488721847534,0.2775326669216156,0.26339659094810486,0.25137850642204285,0.23896190524101257,0.22939807176589966,0.2223772555589676,0.21605920791625977,0.2101583480834961,0.20531286299228668,0.19862967729568481,0.19525936245918274,0.19306591153144836,0.1884869933128357,0.18649058043956757,0.1849169135093689,0.18328244984149933,0.18296681344509125
